{"_id":{"$oid":"669f0064321df7784d6eb6fa"},"type":"smart phone","model":"xm23","screen size":5.5}
{"_id":{"$oid":"669f0064321df7784d6eb6fb"},"type":"smart phone","model":"k9","screen size":6.5}
{"_id":{"$oid":"669f0064321df7784d6eb6fc"},"type":"smart phone","model":"c12","screen size":5.5}
{"_id":{"$oid":"669f0064321df7784d6eb6fd"},"type":"smart phone","model":"k9","screen size":6}
{"_id":{"$oid":"669f0064321df7784d6eb6fe"},"type":"smart phone","model":"platina","screen size":6.5}
{"_id":{"$oid":"669f0064321df7784d6eb6ff"},"type":"smart phone","model":"xm23","screen size":6.5}
{"_id":{"$oid":"669f0064321df7784d6eb700"},"type":"smart phone","model":"bn20","screen size":5.5}
{"_id":{"$oid":"669f0064321df7784d6eb701"},"type":"smart phone","model":"xm23","screen size":6}
{"_id":{"$oid":"669f0064321df7784d6eb702"},"type":"smart phone","model":"platina","screen size":5.5}
{"_id":{"$oid":"669f0064321df7784d6eb703"},"type":"smart phone","model":"bn20","screen size":6.5}
{"_id":{"$oid":"669f0064321df7784d6eb704"},"type":"smart phone","model":"pk2","screen size":6}
{"_id":{"$oid":"669f0064321df7784d6eb705"},"type":"smart phone","model":"c3","screen size":6}
{"_id":{"$oid":"669f0064321df7784d6eb706"},"type":"smart phone","model":"bn20","screen size":6}
{"_id":{"$oid":"669f0064321df7784d6eb707"},"type":"smart phone","model":"c12","screen size":6.5}
{"_id":{"$oid":"669f0064321df7784d6eb708"},"type":"smart phone","model":"c3","screen size":5.5}
{"_id":{"$oid":"669f0064321df7784d6eb709"},"type":"smart phone","model":"platina","screen size":6}
{"_id":{"$oid":"669f0064321df7784d6eb70a"},"type":"smart phone","model":"cz","screen size":6.5}
{"_id":{"$oid":"669f0064321df7784d6eb70b"},"type":"smart phone","model":"pk2","screen size":5.5}
{"_id":{"$oid":"669f0064321df7784d6eb70c"},"type":"smart phone","model":"k9","screen size":5.5}
{"_id":{"$oid":"669f0064321df7784d6eb70d"},"type":"smart phone","model":"cz","screen size":6}
{"_id":{"$oid":"669f0064321df7784d6eb70e"},"type":"smart phone","model":"cz","screen size":5.5}
{"_id":{"$oid":"669f0064321df7784d6eb70f"},"type":"laptop","model":"qw2","screen size":17,"ram":"16GB","hard disk":"2TB"}
{"_id":{"$oid":"669f0064321df7784d6eb710"},"type":"smart phone","model":"pk2","screen size":6.5}
{"_id":{"$oid":"669f0064321df7784d6eb711"},"type":"smart phone","model":"c3","screen size":6.5}
{"_id":{"$oid":"669f0064321df7784d6eb712"},"type":"laptop","model":"qw2","screen size":15,"ram":"32GB","hard disk":"1TB"}
{"_id":{"$oid":"669f0064321df7784d6eb713"},"type":"laptop","model":"c6","screen size":15,"ram":"4GB","hard disk":"1TB"}
{"_id":{"$oid":"669f0064321df7784d6eb714"},"type":"laptop","model":"ay9","screen size":15,"ram":"4GB","hard disk":"500MB"}
{"_id":{"$oid":"669f0064321df7784d6eb715"},"type":"laptop","model":"k12","screen size":17,"ram":"4GB","hard disk":"500MB"}
{"_id":{"$oid":"669f0064321df7784d6eb716"},"type":"laptop","model":"zeta","screen size":15,"ram":"4GB","hard disk":"2TB"}
{"_id":{"$oid":"669f0064321df7784d6eb717"},"type":"laptop","model":"zeta","screen size":17,"ram":"8GB","hard disk":"500MB"}
{"_id":{"$oid":"669f0064321df7784d6eb718"},"type":"laptop","model":"ki2","screen size":15,"ram":"32GB","hard disk":"1TB"}
{"_id":{"$oid":"669f0064321df7784d6eb719"},"type":"laptop","model":"jl3","screen size":15,"ram":"4GB","hard disk":"500MB"}
{"_id":{"$oid":"669f0064321df7784d6eb71a"},"type":"laptop","model":"zeta","screen size":15,"ram":"16GB","hard disk":"1TB"}
{"_id":{"$oid":"669f0064321df7784d6eb71b"},"type":"laptop","model":"qw2","screen size":12,"ram":"4GB","hard disk":"500MB"}
{"_id":{"$oid":"669f0064321df7784d6eb71c"},"type":"laptop","model":"k12","screen size":14,"ram":"4GB","hard disk":"1TB"}
{"_id":{"$oid":"669f0064321df7784d6eb71d"},"type":"laptop","model":"j3","screen size":17,"ram":"32GB","hard disk":"2TB"}
{"_id":{"$oid":"669f0064321df7784d6eb71e"},"type":"laptop","model":"ay9","screen size":17,"ram":"16GB","hard disk":"2TB"}
{"_id":{"$oid":"669f0064321df7784d6eb71f"},"type":"laptop","model":"jl3","screen size":14,"ram":"4GB","hard disk":"2TB"}
{"_id":{"$oid":"669f0064321df7784d6eb720"},"type":"laptop","model":"ki2","screen size":17,"ram":"4GB","hard disk":"2TB"}
{"_id":{"$oid":"669f0064321df7784d6eb721"},"type":"laptop","model":"ki2","screen size":12,"ram":"32GB","hard disk":"1TB"}
{"_id":{"$oid":"669f0064321df7784d6eb722"},"type":"laptop","model":"ki2","screen size":14,"ram":"16GB","hard disk":"500MB"}
{"_id":{"$oid":"669f0064321df7784d6eb723"},"type":"laptop","model":"ay9","screen size":17,"ram":"4GB","hard disk":"2TB"}
{"_id":{"$oid":"669f0064321df7784d6eb724"},"type":"laptop","model":"kz","screen size":15,"ram":"16GB","hard disk":"500MB"}
{"_id":{"$oid":"669f0064321df7784d6eb725"},"type":"laptop","model":"ki2","screen size":14,"ram":"4GB","hard disk":"1TB"}
{"_id":{"$oid":"669f0064321df7784d6eb726"},"type":"smart phone","model":"c12","screen size":6}
{"_id":{"$oid":"669f0064321df7784d6eb727"},"type":"laptop","model":"qw2","screen size":17,"ram":"16GB","hard disk":"500MB"}
{"_id":{"$oid":"669f0064321df7784d6eb728"},"type":"laptop","model":"jl3","screen size":12,"ram":"32GB","hard disk":"500MB"}
{"_id":{"$oid":"669f0064321df7784d6eb729"},"type":"laptop","model":"c6","screen size":14,"ram":"16GB","hard disk":"1TB"}
{"_id":{"$oid":"669f0064321df7784d6eb72a"},"type":"laptop","model":"qw2","screen size":14,"ram":"8GB","hard disk":"2TB"}
{"_id":{"$oid":"669f0064321df7784d6eb72b"},"type":"laptop","model":"qw2","screen size":12,"ram":"8GB","hard disk":"2TB"}
{"_id":{"$oid":"669f0064321df7784d6eb72c"},"type":"laptop","model":"ay9","screen size":17,"ram":"16GB","hard disk":"1TB"}
{"_id":{"$oid":"669f0064321df7784d6eb72d"},"type":"laptop","model":"k12","screen size":14,"ram":"4GB","hard disk":"500MB"}
{"_id":{"$oid":"669f0064321df7784d6eb72e"},"type":"laptop","model":"k12","screen size":14,"ram":"32GB","hard disk":"1TB"}
{"_id":{"$oid":"669f0064321df7784d6eb72f"},"type":"laptop","model":"k12","screen size":17,"ram":"4GB","hard disk":"1TB"}
{"_id":{"$oid":"669f0064321df7784d6eb730"},"type":"laptop","model":"c6","screen size":17,"ram":"4GB","hard disk":"1TB"}
{"_id":{"$oid":"669f0064321df7784d6eb731"},"type":"laptop","model":"k12","screen size":12,"ram":"4GB","hard disk":"2TB"}
{"_id":{"$oid":"669f0064321df7784d6eb732"},"type":"laptop","model":"qw2","screen size":14,"ram":"4GB","hard disk":"2TB"}
{"_id":{"$oid":"669f0064321df7784d6eb733"},"type":"laptop","model":"zeta","screen size":17,"ram":"8GB","hard disk":"2TB"}
{"_id":{"$oid":"669f0064321df7784d6eb734"},"type":"laptop","model":"k12","screen size":12,"ram":"32GB","hard disk":"500MB"}
{"_id":{"$oid":"669f0064321df7784d6eb735"},"type":"laptop","model":"c6","screen size":12,"ram":"16GB","hard disk":"1TB"}
{"_id":{"$oid":"669f0064321df7784d6eb736"},"type":"laptop","model":"jl3","screen size":12,"ram":"16GB","hard disk":"1TB"}
{"_id":{"$oid":"669f0064321df7784d6eb737"},"type":"laptop","model":"k12","screen size":17,"ram":"16GB","hard disk":"500MB"}
{"_id":{"$oid":"669f0064321df7784d6eb738"},"type":"laptop","model":"kz","screen size":17,"ram":"32GB","hard disk":"1TB"}
{"_id":{"$oid":"669f0064321df7784d6eb739"},"type":"laptop","model":"kz","screen size":17,"ram":"8GB","hard disk":"1TB"}
{"_id":{"$oid":"669f0064321df7784d6eb73a"},"type":"laptop","model":"zeta","screen size":15,"ram":"8GB","hard disk":"500MB"}
{"_id":{"$oid":"669f0064321df7784d6eb73b"},"type":"laptop","model":"j3","screen size":17,"ram":"8GB","hard disk":"500MB"}
{"_id":{"$oid":"669f0064321df7784d6eb73c"},"type":"laptop","model":"jl3","screen size":12,"ram":"4GB","hard disk":"500MB"}
{"_id":{"$oid":"669f0064321df7784d6eb73d"},"type":"laptop","model":"kz","screen size":17,"ram":"8GB","hard disk":"2TB"}
{"_id":{"$oid":"669f0064321df7784d6eb73e"},"type":"laptop","model":"zeta","screen size":12,"ram":"16GB","hard disk":"2TB"}
{"_id":{"$oid":"669f0064321df7784d6eb73f"},"type":"laptop","model":"jl3","screen size":14,"ram":"16GB","hard disk":"500MB"}
{"_id":{"$oid":"669f0064321df7784d6eb740"},"type":"laptop","model":"zeta","screen size":14,"ram":"8GB","hard disk":"2TB"}
{"_id":{"$oid":"669f0064321df7784d6eb741"},"type":"laptop","model":"ay9","screen size":14,"ram":"32GB","hard disk":"500MB"}
{"_id":{"$oid":"669f0064321df7784d6eb742"},"type":"laptop","model":"ay9","screen size":14,"ram":"4GB","hard disk":"2TB"}
{"_id":{"$oid":"669f0064321df7784d6eb743"},"type":"laptop","model":"k12","screen size":14,"ram":"8GB","hard disk":"1TB"}
{"_id":{"$oid":"669f0064321df7784d6eb744"},"type":"laptop","model":"qw2","screen size":15,"ram":"4GB","hard disk":"2TB"}
{"_id":{"$oid":"669f0064321df7784d6eb745"},"type":"laptop","model":"j3","screen size":15,"ram":"8GB","hard disk":"1TB"}
{"_id":{"$oid":"669f0064321df7784d6eb746"},"type":"laptop","model":"ay9","screen size":14,"ram":"16GB","hard disk":"2TB"}
{"_id":{"$oid":"669f0064321df7784d6eb747"},"type":"laptop","model":"j3","screen size":17,"ram":"8GB","hard disk":"1TB"}
{"_id":{"$oid":"669f0064321df7784d6eb748"},"type":"laptop","model":"qw2","screen size":15,"ram":"16GB","hard disk":"2TB"}
{"_id":{"$oid":"669f0064321df7784d6eb749"},"type":"laptop","model":"jl3","screen size":14,"ram":"4GB","hard disk":"1TB"}
{"_id":{"$oid":"669f0064321df7784d6eb74a"},"type":"laptop","model":"jl3","screen size":14,"ram":"4GB","hard disk":"500MB"}
{"_id":{"$oid":"669f0064321df7784d6eb74b"},"type":"laptop","model":"j3","screen size":14,"ram":"16GB","hard disk":"2TB"}
{"_id":{"$oid":"669f0064321df7784d6eb74c"},"type":"laptop","model":"qw2","screen size":15,"ram":"4GB","hard disk":"500MB"}
{"_id":{"$oid":"669f0064321df7784d6eb74d"},"type":"laptop","model":"ki2","screen size":12,"ram":"8GB","hard disk":"2TB"}
{"_id":{"$oid":"669f0064321df7784d6eb74e"},"type":"laptop","model":"kz","screen size":15,"ram":"4GB","hard disk":"2TB"}
{"_id":{"$oid":"669f0064321df7784d6eb74f"},"type":"laptop","model":"kz","screen size":14,"ram":"8GB","hard disk":"2TB"}
{"_id":{"$oid":"669f0064321df7784d6eb750"},"type":"laptop","model":"qw2","screen size":14,"ram":"8GB","hard disk":"500MB"}
{"_id":{"$oid":"669f0064321df7784d6eb751"},"type":"laptop","model":"j3","screen size":12,"ram":"4GB","hard disk":"1TB"}
{"_id":{"$oid":"669f0064321df7784d6eb752"},"type":"laptop","model":"ay9","screen size":17,"ram":"32GB","hard disk":"1TB"}
{"_id":{"$oid":"669f0064321df7784d6eb753"},"type":"laptop","model":"ay9","screen size":17,"ram":"32GB","hard disk":"500MB"}
{"_id":{"$oid":"669f0064321df7784d6eb754"},"type":"laptop","model":"kz","screen size":15,"ram":"32GB","hard disk":"2TB"}
{"_id":{"$oid":"669f0064321df7784d6eb755"},"type":"laptop","model":"j3","screen size":17,"ram":"16GB","hard disk":"1TB"}
{"_id":{"$oid":"669f0064321df7784d6eb756"},"type":"laptop","model":"ki2","screen size":12,"ram":"4GB","hard disk":"500MB"}
{"_id":{"$oid":"669f0064321df7784d6eb757"},"type":"laptop","model":"k12","screen size":17,"ram":"8GB","hard disk":"500MB"}
{"_id":{"$oid":"669f0064321df7784d6eb758"},"type":"laptop","model":"k12","screen size":17,"ram":"16GB","hard disk":"1TB"}
{"_id":{"$oid":"669f0064321df7784d6eb759"},"type":"laptop","model":"c6","screen size":17,"ram":"32GB","hard disk":"2TB"}
{"_id":{"$oid":"669f0064321df7784d6eb75a"},"type":"laptop","model":"ki2","screen size":15,"ram":"16GB","hard disk":"1TB"}
{"_id":{"$oid":"669f0064321df7784d6eb75b"},"type":"laptop","model":"qw2","screen size":15,"ram":"32GB","hard disk":"500MB"}
{"_id":{"$oid":"669f0064321df7784d6eb75c"},"type":"laptop","model":"ay9","screen size":14,"ram":"8GB","hard disk":"2TB"}
{"_id":{"$oid":"669f0064321df7784d6eb75d"},"type":"laptop","model":"qw2","screen size":15,"ram":"8GB","hard disk":"2TB"}
{"_id":{"$oid":"669f0064321df7784d6eb75e"},"type":"laptop","model":"ki2","screen size":14,"ram":"4GB","hard disk":"500MB"}
{"_id":{"$oid":"669f0064321df7784d6eb75f"},"type":"laptop","model":"ay9","screen size":15,"ram":"8GB","hard disk":"2TB"}
{"_id":{"$oid":"669f0064321df7784d6eb760"},"type":"laptop","model":"ki2","screen size":15,"ram":"16GB","hard disk":"500MB"}
{"_id":{"$oid":"669f0064321df7784d6eb761"},"type":"laptop","model":"zeta","screen size":14,"ram":"16GB","hard disk":"2TB"}
{"_id":{"$oid":"669f0064321df7784d6eb762"},"type":"laptop","model":"zeta","screen size":14,"ram":"4GB","hard disk":"500MB"}
{"_id":{"$oid":"669f0064321df7784d6eb763"},"type":"laptop","model":"kz","screen size":15,"ram":"8GB","hard disk":"2TB"}
{"_id":{"$oid":"669f0064321df7784d6eb764"},"type":"laptop","model":"qw2","screen size":17,"ram":"4GB","hard disk":"2TB"}
{"_id":{"$oid":"669f0064321df7784d6eb765"},"type":"laptop","model":"k12","screen size":12,"ram":"4GB","hard disk":"500MB"}
{"_id":{"$oid":"669f0064321df7784d6eb766"},"type":"laptop","model":"j3","screen size":15,"ram":"4GB","hard disk":"500MB"}
{"_id":{"$oid":"669f0064321df7784d6eb767"},"type":"laptop","model":"qw2","screen size":14,"ram":"32GB","hard disk":"2TB"}
{"_id":{"$oid":"669f0064321df7784d6eb768"},"type":"laptop","model":"k12","screen size":12,"ram":"8GB","hard disk":"500MB"}
{"_id":{"$oid":"669f0064321df7784d6eb769"},"type":"laptop","model":"k12","screen size":15,"ram":"16GB","hard disk":"500MB"}
{"_id":{"$oid":"669f0064321df7784d6eb76a"},"type":"laptop","model":"c6","screen size":15,"ram":"32GB","hard disk":"1TB"}
{"_id":{"$oid":"669f0064321df7784d6eb76b"},"type":"laptop","model":"ay9","screen size":17,"ram":"4GB","hard disk":"500MB"}
{"_id":{"$oid":"669f0064321df7784d6eb76c"},"type":"laptop","model":"k12","screen size":14,"ram":"16GB","hard disk":"500MB"}
{"_id":{"$oid":"669f0064321df7784d6eb76d"},"type":"laptop","model":"k12","screen size":17,"ram":"16GB","hard disk":"2TB"}
{"_id":{"$oid":"669f0064321df7784d6eb76e"},"type":"laptop","model":"kz","screen size":12,"ram":"32GB","hard disk":"1TB"}
{"_id":{"$oid":"669f0064321df7784d6eb76f"},"type":"laptop","model":"jl3","screen size":14,"ram":"32GB","hard disk":"2TB"}
{"_id":{"$oid":"669f0064321df7784d6eb770"},"type":"laptop","model":"kz","screen size":14,"ram":"4GB","hard disk":"2TB"}
{"_id":{"$oid":"669f0064321df7784d6eb771"},"type":"laptop","model":"ay9","screen size":15,"ram":"8GB","hard disk":"1TB"}
{"_id":{"$oid":"669f0064321df7784d6eb772"},"type":"laptop","model":"k12","screen size":12,"ram":"16GB","hard disk":"1TB"}
{"_id":{"$oid":"669f0064321df7784d6eb773"},"type":"laptop","model":"ay9","screen size":14,"ram":"16GB","hard disk":"1TB"}
{"_id":{"$oid":"669f0064321df7784d6eb774"},"type":"laptop","model":"j3","screen size":12,"ram":"8GB","hard disk":"1TB"}
{"_id":{"$oid":"669f0064321df7784d6eb775"},"type":"laptop","model":"c6","screen size":12,"ram":"16GB","hard disk":"2TB"}
{"_id":{"$oid":"669f0064321df7784d6eb776"},"type":"laptop","model":"k12","screen size":17,"ram":"8GB","hard disk":"1TB"}
{"_id":{"$oid":"669f0064321df7784d6eb777"},"type":"laptop","model":"k12","screen size":14,"ram":"16GB","hard disk":"2TB"}
{"_id":{"$oid":"669f0064321df7784d6eb778"},"type":"laptop","model":"kz","screen size":14,"ram":"16GB","hard disk":"500MB"}
{"_id":{"$oid":"669f0064321df7784d6eb779"},"type":"laptop","model":"ki2","screen size":17,"ram":"8GB","hard disk":"1TB"}
{"_id":{"$oid":"669f0064321df7784d6eb77a"},"type":"laptop","model":"kz","screen size":17,"ram":"32GB","hard disk":"500MB"}
{"_id":{"$oid":"669f0064321df7784d6eb77b"},"type":"laptop","model":"j3","screen size":12,"ram":"8GB","hard disk":"2TB"}
{"_id":{"$oid":"669f0064321df7784d6eb77c"},"type":"laptop","model":"k12","screen size":15,"ram":"8GB","hard disk":"500MB"}
{"_id":{"$oid":"669f0064321df7784d6eb77d"},"type":"laptop","model":"c6","screen size":17,"ram":"16GB","hard disk":"500MB"}
{"_id":{"$oid":"669f0064321df7784d6eb77e"},"type":"laptop","model":"kz","screen size":15,"ram":"4GB","hard disk":"1TB"}
{"_id":{"$oid":"669f0064321df7784d6eb77f"},"type":"laptop","model":"kz","screen size":17,"ram":"4GB","hard disk":"2TB"}
{"_id":{"$oid":"669f0064321df7784d6eb780"},"type":"laptop","model":"ay9","screen size":12,"ram":"16GB","hard disk":"1TB"}
{"_id":{"$oid":"669f0064321df7784d6eb781"},"type":"laptop","model":"ay9","screen size":12,"ram":"32GB","hard disk":"500MB"}
{"_id":{"$oid":"669f0064321df7784d6eb782"},"type":"laptop","model":"j3","screen size":15,"ram":"32GB","hard disk":"1TB"}
{"_id":{"$oid":"669f0064321df7784d6eb783"},"type":"laptop","model":"c6","screen size":15,"ram":"32GB","hard disk":"2TB"}
{"_id":{"$oid":"669f0064321df7784d6eb784"},"type":"laptop","model":"qw2","screen size":15,"ram":"32GB","hard disk":"2TB"}
{"_id":{"$oid":"669f0064321df7784d6eb785"},"type":"laptop","model":"ay9","screen size":14,"ram":"4GB","hard disk":"1TB"}
{"_id":{"$oid":"669f0064321df7784d6eb786"},"type":"laptop","model":"kz","screen size":17,"ram":"8GB","hard disk":"500MB"}
{"_id":{"$oid":"669f0064321df7784d6eb787"},"type":"laptop","model":"ki2","screen size":12,"ram":"8GB","hard disk":"1TB"}
{"_id":{"$oid":"669f0064321df7784d6eb788"},"type":"laptop","model":"kz","screen size":17,"ram":"16GB","hard disk":"2TB"}
{"_id":{"$oid":"669f0064321df7784d6eb789"},"type":"laptop","model":"ay9","screen size":15,"ram":"4GB","hard disk":"2TB"}
{"_id":{"$oid":"669f0064321df7784d6eb78a"},"type":"laptop","model":"c6","screen size":12,"ram":"8GB","hard disk":"1TB"}
{"_id":{"$oid":"669f0064321df7784d6eb78b"},"type":"laptop","model":"c6","screen size":14,"ram":"8GB","hard disk":"2TB"}
{"_id":{"$oid":"669f0064321df7784d6eb78c"},"type":"laptop","model":"zeta","screen size":12,"ram":"4GB","hard disk":"500MB"}
{"_id":{"$oid":"669f0064321df7784d6eb78d"},"type":"laptop","model":"k12","screen size":15,"ram":"8GB","hard disk":"2TB"}
{"_id":{"$oid":"669f0064321df7784d6eb78e"},"type":"laptop","model":"ki2","screen size":15,"ram":"16GB","hard disk":"2TB"}
{"_id":{"$oid":"669f0064321df7784d6eb78f"},"type":"laptop","model":"kz","screen size":15,"ram":"16GB","hard disk":"2TB"}
{"_id":{"$oid":"669f0064321df7784d6eb790"},"type":"laptop","model":"j3","screen size":15,"ram":"16GB","hard disk":"1TB"}
{"_id":{"$oid":"669f0064321df7784d6eb791"},"type":"laptop","model":"ki2","screen size":14,"ram":"32GB","hard disk":"2TB"}
{"_id":{"$oid":"669f0064321df7784d6eb792"},"type":"laptop","model":"qw2","screen size":14,"ram":"16GB","hard disk":"1TB"}
{"_id":{"$oid":"669f0064321df7784d6eb793"},"type":"laptop","model":"k12","screen size":14,"ram":"4GB","hard disk":"2TB"}
{"_id":{"$oid":"669f0064321df7784d6eb794"},"type":"laptop","model":"kz","screen size":15,"ram":"4GB","hard disk":"500MB"}
{"_id":{"$oid":"669f0064321df7784d6eb795"},"type":"laptop","model":"k12","screen size":14,"ram":"32GB","hard disk":"2TB"}
{"_id":{"$oid":"669f0064321df7784d6eb796"},"type":"laptop","model":"ki2","screen size":14,"ram":"16GB","hard disk":"2TB"}
{"_id":{"$oid":"669f0064321df7784d6eb797"},"type":"laptop","model":"ki2","screen size":12,"ram":"32GB","hard disk":"2TB"}
{"_id":{"$oid":"669f0064321df7784d6eb798"},"type":"laptop","model":"kz","screen size":12,"ram":"4GB","hard disk":"500MB"}
{"_id":{"$oid":"669f0064321df7784d6eb799"},"type":"laptop","model":"zeta","screen size":14,"ram":"8GB","hard disk":"1TB"}
{"_id":{"$oid":"669f0064321df7784d6eb79a"},"type":"laptop","model":"ki2","screen size":14,"ram":"8GB","hard disk":"2TB"}
{"_id":{"$oid":"669f0064321df7784d6eb79b"},"type":"laptop","model":"jl3","screen size":12,"ram":"32GB","hard disk":"1TB"}
{"_id":{"$oid":"669f0064321df7784d6eb79c"},"type":"laptop","model":"k12","screen size":15,"ram":"32GB","hard disk":"1TB"}
{"_id":{"$oid":"669f0064321df7784d6eb79d"},"type":"laptop","model":"k12","screen size":12,"ram":"16GB","hard disk":"2TB"}
{"_id":{"$oid":"669f0064321df7784d6eb79e"},"type":"laptop","model":"ki2","screen size":15,"ram":"4GB","hard disk":"500MB"}
{"_id":{"$oid":"669f0064321df7784d6eb79f"},"type":"laptop","model":"c6","screen size":15,"ram":"8GB","hard disk":"1TB"}
{"_id":{"$oid":"669f0064321df7784d6eb7a0"},"type":"laptop","model":"zeta","screen size":15,"ram":"8GB","hard disk":"2TB"}
{"_id":{"$oid":"669f0064321df7784d6eb7a1"},"type":"laptop","model":"ki2","screen size":14,"ram":"32GB","hard disk":"1TB"}
{"_id":{"$oid":"669f0064321df7784d6eb7a2"},"type":"laptop","model":"kz","screen size":15,"ram":"8GB","hard disk":"500MB"}
{"_id":{"$oid":"669f0064321df7784d6eb7a3"},"type":"laptop","model":"c6","screen size":14,"ram":"16GB","hard disk":"500MB"}
{"_id":{"$oid":"669f0064321df7784d6eb7a4"},"type":"laptop","model":"ay9","screen size":17,"ram":"8GB","hard disk":"500MB"}
{"_id":{"$oid":"669f0064321df7784d6eb7a5"},"type":"laptop","model":"zeta","screen size":14,"ram":"32GB","hard disk":"2TB"}
{"_id":{"$oid":"669f0064321df7784d6eb7a6"},"type":"laptop","model":"ay9","screen size":15,"ram":"16GB","hard disk":"1TB"}
{"_id":{"$oid":"669f0064321df7784d6eb7a7"},"type":"laptop","model":"qw2","screen size":15,"ram":"16GB","hard disk":"500MB"}
{"_id":{"$oid":"669f0064321df7784d6eb7a8"},"type":"laptop","model":"c6","screen size":15,"ram":"8GB","hard disk":"500MB"}
{"_id":{"$oid":"669f0064321df7784d6eb7a9"},"type":"laptop","model":"zeta","screen size":17,"ram":"4GB","hard disk":"500MB"}
{"_id":{"$oid":"669f0064321df7784d6eb7aa"},"type":"laptop","model":"ay9","screen size":15,"ram":"16GB","hard disk":"500MB"}
{"_id":{"$oid":"669f0064321df7784d6eb7ab"},"type":"laptop","model":"ay9","screen size":15,"ram":"32GB","hard disk":"500MB"}
{"_id":{"$oid":"669f0064321df7784d6eb7ac"},"type":"laptop","model":"ki2","screen size":12,"ram":"4GB","hard disk":"2TB"}
{"_id":{"$oid":"669f0064321df7784d6eb7ad"},"type":"laptop","model":"ki2","screen size":12,"ram":"16GB","hard disk":"500MB"}
{"_id":{"$oid":"669f0064321df7784d6eb7ae"},"type":"laptop","model":"qw2","screen size":12,"ram":"16GB","hard disk":"2TB"}
{"_id":{"$oid":"669f0064321df7784d6eb7af"},"type":"laptop","model":"k12","screen size":14,"ram":"8GB","hard disk":"2TB"}
{"_id":{"$oid":"669f0064321df7784d6eb7b0"},"type":"laptop","model":"jl3","screen size":12,"ram":"4GB","hard disk":"2TB"}
{"_id":{"$oid":"669f0064321df7784d6eb7b1"},"type":"laptop","model":"j3","screen size":17,"ram":"4GB","hard disk":"1TB"}
{"_id":{"$oid":"669f0064321df7784d6eb7b2"},"type":"laptop","model":"qw2","screen size":12,"ram":"16GB","hard disk":"1TB"}
{"_id":{"$oid":"669f0064321df7784d6eb7b3"},"type":"laptop","model":"k12","screen size":14,"ram":"8GB","hard disk":"500MB"}
{"_id":{"$oid":"669f0064321df7784d6eb7b4"},"type":"laptop","model":"jl3","screen size":15,"ram":"16GB","hard disk":"2TB"}
{"_id":{"$oid":"669f0064321df7784d6eb7b5"},"type":"laptop","model":"ki2","screen size":17,"ram":"32GB","hard disk":"1TB"}
{"_id":{"$oid":"669f0064321df7784d6eb7b6"},"type":"laptop","model":"jl3","screen size":12,"ram":"8GB","hard disk":"2TB"}
{"_id":{"$oid":"669f0064321df7784d6eb7b7"},"type":"laptop","model":"zeta","screen size":14,"ram":"4GB","hard disk":"2TB"}
{"_id":{"$oid":"669f0064321df7784d6eb7b8"},"type":"laptop","model":"ay9","screen size":12,"ram":"4GB","hard disk":"2TB"}
{"_id":{"$oid":"669f0064321df7784d6eb7b9"},"type":"laptop","model":"zeta","screen size":17,"ram":"4GB","hard disk":"1TB"}
{"_id":{"$oid":"669f0064321df7784d6eb7ba"},"type":"laptop","model":"ay9","screen size":14,"ram":"16GB","hard disk":"500MB"}
{"_id":{"$oid":"669f0064321df7784d6eb7bb"},"type":"laptop","model":"ay9","screen size":14,"ram":"32GB","hard disk":"2TB"}
{"_id":{"$oid":"669f0064321df7784d6eb7bc"},"type":"laptop","model":"jl3","screen size":15,"ram":"16GB","hard disk":"500MB"}
{"_id":{"$oid":"669f0064321df7784d6eb7bd"},"type":"laptop","model":"k12","screen size":12,"ram":"8GB","hard disk":"2TB"}
{"_id":{"$oid":"669f0064321df7784d6eb7be"},"type":"laptop","model":"kz","screen size":12,"ram":"8GB","hard disk":"1TB"}
{"_id":{"$oid":"669f0064321df7784d6eb7bf"},"type":"laptop","model":"c6","screen size":17,"ram":"4GB","hard disk":"2TB"}
{"_id":{"$oid":"669f0064321df7784d6eb7c0"},"type":"laptop","model":"ki2","screen size":14,"ram":"4GB","hard disk":"2TB"}
{"_id":{"$oid":"669f0064321df7784d6eb7c1"},"type":"laptop","model":"qw2","screen size":17,"ram":"8GB","hard disk":"2TB"}
{"_id":{"$oid":"669f0064321df7784d6eb7c2"},"type":"laptop","model":"jl3","screen size":12,"ram":"8GB","hard disk":"1TB"}
{"_id":{"$oid":"669f0064321df7784d6eb7c3"},"type":"laptop","model":"jl3","screen size":15,"ram":"32GB","hard disk":"500MB"}
{"_id":{"$oid":"669f0064321df7784d6eb7c4"},"type":"laptop","model":"j3","screen size":12,"ram":"8GB","hard disk":"500MB"}
{"_id":{"$oid":"669f0064321df7784d6eb7c5"},"type":"laptop","model":"ay9","screen size":15,"ram":"16GB","hard disk":"2TB"}
{"_id":{"$oid":"669f0064321df7784d6eb7c6"},"type":"laptop","model":"ay9","screen size":17,"ram":"8GB","hard disk":"2TB"}
{"_id":{"$oid":"669f0064321df7784d6eb7c7"},"type":"laptop","model":"jl3","screen size":15,"ram":"32GB","hard disk":"2TB"}
{"_id":{"$oid":"669f0064321df7784d6eb7c8"},"type":"laptop","model":"c6","screen size":14,"ram":"16GB","hard disk":"2TB"}
{"_id":{"$oid":"669f0064321df7784d6eb7c9"},"type":"laptop","model":"ay9","screen size":12,"ram":"8GB","hard disk":"500MB"}
{"_id":{"$oid":"669f0064321df7784d6eb7ca"},"type":"laptop","model":"ki2","screen size":15,"ram":"32GB","hard disk":"2TB"}
{"_id":{"$oid":"669f0064321df7784d6eb7cb"},"type":"laptop","model":"c6","screen size":17,"ram":"32GB","hard disk":"1TB"}
{"_id":{"$oid":"669f0064321df7784d6eb7cc"},"type":"laptop","model":"qw2","screen size":12,"ram":"32GB","hard disk":"1TB"}
{"_id":{"$oid":"669f0064321df7784d6eb7cd"},"type":"laptop","model":"kz","screen size":12,"ram":"32GB","hard disk":"2TB"}
{"_id":{"$oid":"669f0064321df7784d6eb7ce"},"type":"laptop","model":"jl3","screen size":17,"ram":"16GB","hard disk":"1TB"}
{"_id":{"$oid":"669f0064321df7784d6eb7cf"},"type":"laptop","model":"zeta","screen size":15,"ram":"16GB","hard disk":"2TB"}
{"_id":{"$oid":"669f0064321df7784d6eb7d0"},"type":"laptop","model":"kz","screen size":12,"ram":"4GB","hard disk":"2TB"}
{"_id":{"$oid":"669f0064321df7784d6eb7d1"},"type":"laptop","model":"qw2","screen size":12,"ram":"4GB","hard disk":"1TB"}
{"_id":{"$oid":"669f0064321df7784d6eb7d2"},"type":"laptop","model":"c6","screen size":12,"ram":"32GB","hard disk":"1TB"}
{"_id":{"$oid":"669f0064321df7784d6eb7d3"},"type":"laptop","model":"kz","screen size":14,"ram":"32GB","hard disk":"2TB"}
{"_id":{"$oid":"669f0064321df7784d6eb7d4"},"type":"laptop","model":"kz","screen size":12,"ram":"16GB","hard disk":"1TB"}
{"_id":{"$oid":"669f0064321df7784d6eb7d5"},"type":"laptop","model":"ay9","screen size":15,"ram":"8GB","hard disk":"500MB"}
{"_id":{"$oid":"669f0064321df7784d6eb7d6"},"type":"laptop","model":"j3","screen size":14,"ram":"8GB","hard disk":"2TB"}
{"_id":{"$oid":"669f0064321df7784d6eb7d7"},"type":"laptop","model":"ki2","screen size":14,"ram":"8GB","hard disk":"500MB"}
{"_id":{"$oid":"669f0064321df7784d6eb7d8"},"type":"laptop","model":"jl3","screen size":17,"ram":"4GB","hard disk":"500MB"}
{"_id":{"$oid":"669f0064321df7784d6eb7d9"},"type":"laptop","model":"k12","screen size":15,"ram":"4GB","hard disk":"2TB"}
{"_id":{"$oid":"669f0064321df7784d6eb7da"},"type":"laptop","model":"ki2","screen size":15,"ram":"4GB","hard disk":"2TB"}
{"_id":{"$oid":"669f0064321df7784d6eb7db"},"type":"laptop","model":"zeta","screen size":12,"ram":"32GB","hard disk":"2TB"}
{"_id":{"$oid":"669f0064321df7784d6eb7dc"},"type":"laptop","model":"ki2","screen size":12,"ram":"16GB","hard disk":"2TB"}
{"_id":{"$oid":"669f0064321df7784d6eb7dd"},"type":"laptop","model":"c6","screen size":15,"ram":"8GB","hard disk":"2TB"}
{"_id":{"$oid":"669f0064321df7784d6eb7de"},"type":"laptop","model":"c6","screen size":17,"ram":"32GB","hard disk":"500MB"}
{"_id":{"$oid":"669f0064321df7784d6eb7df"},"type":"laptop","model":"ay9","screen size":15,"ram":"32GB","hard disk":"2TB"}
{"_id":{"$oid":"669f0064321df7784d6eb7e0"},"type":"laptop","model":"jl3","screen size":15,"ram":"4GB","hard disk":"1TB"}
{"_id":{"$oid":"669f0064321df7784d6eb7e1"},"type":"laptop","model":"ki2","screen size":17,"ram":"8GB","hard disk":"2TB"}
{"_id":{"$oid":"669f0064321df7784d6eb7e2"},"type":"laptop","model":"zeta","screen size":15,"ram":"8GB","hard disk":"1TB"}
{"_id":{"$oid":"669f0064321df7784d6eb7e3"},"type":"laptop","model":"j3","screen size":14,"ram":"8GB","hard disk":"500MB"}
{"_id":{"$oid":"669f0064321df7784d6eb7e4"},"type":"laptop","model":"kz","screen size":14,"ram":"32GB","hard disk":"1TB"}
{"_id":{"$oid":"669f0064321df7784d6eb7e5"},"type":"laptop","model":"kz","screen size":17,"ram":"32GB","hard disk":"2TB"}
{"_id":{"$oid":"669f0064321df7784d6eb7e6"},"type":"laptop","model":"c6","screen size":14,"ram":"4GB","hard disk":"1TB"}
{"_id":{"$oid":"669f0064321df7784d6eb7e7"},"type":"laptop","model":"j3","screen size":17,"ram":"16GB","hard disk":"2TB"}
{"_id":{"$oid":"669f0064321df7784d6eb7e8"},"type":"laptop","model":"ki2","screen size":15,"ram":"32GB","hard disk":"500MB"}
{"_id":{"$oid":"669f0064321df7784d6eb7e9"},"type":"laptop","model":"k12","screen size":14,"ram":"32GB","hard disk":"500MB"}
{"_id":{"$oid":"669f0064321df7784d6eb7ea"},"type":"laptop","model":"zeta","screen size":15,"ram":"32GB","hard disk":"500MB"}
{"_id":{"$oid":"669f0064321df7784d6eb7eb"},"type":"laptop","model":"c6","screen size":14,"ram":"4GB","hard disk":"500MB"}
{"_id":{"$oid":"669f0064321df7784d6eb7ec"},"type":"laptop","model":"ki2","screen size":17,"ram":"16GB","hard disk":"2TB"}
{"_id":{"$oid":"669f0064321df7784d6eb7ed"},"type":"laptop","model":"c6","screen size":15,"ram":"4GB","hard disk":"2TB"}
{"_id":{"$oid":"669f0064321df7784d6eb7ee"},"type":"laptop","model":"j3","screen size":15,"ram":"16GB","hard disk":"2TB"}
{"_id":{"$oid":"669f0064321df7784d6eb7ef"},"type":"laptop","model":"j3","screen size":14,"ram":"16GB","hard disk":"1TB"}
{"_id":{"$oid":"669f0064321df7784d6eb7f0"},"type":"laptop","model":"jl3","screen size":17,"ram":"16GB","hard disk":"500MB"}
{"_id":{"$oid":"669f0064321df7784d6eb7f1"},"type":"laptop","model":"j3","screen size":12,"ram":"32GB","hard disk":"1TB"}
{"_id":{"$oid":"669f0064321df7784d6eb7f2"},"type":"laptop","model":"kz","screen size":12,"ram":"8GB","hard disk":"500MB"}
{"_id":{"$oid":"669f0064321df7784d6eb7f3"},"type":"laptop","model":"jl3","screen size":14,"ram":"8GB","hard disk":"1TB"}
{"_id":{"$oid":"669f0064321df7784d6eb7f4"},"type":"laptop","model":"k12","screen size":12,"ram":"16GB","hard disk":"500MB"}
{"_id":{"$oid":"669f0064321df7784d6eb7f5"},"type":"laptop","model":"jl3","screen size":17,"ram":"16GB","hard disk":"2TB"}
{"_id":{"$oid":"669f0064321df7784d6eb7f6"},"type":"laptop","model":"jl3","screen size":17,"ram":"32GB","hard disk":"1TB"}
{"_id":{"$oid":"669f0064321df7784d6eb7f7"},"type":"laptop","model":"qw2","screen size":14,"ram":"16GB","hard disk":"2TB"}
{"_id":{"$oid":"669f0064321df7784d6eb7f8"},"type":"laptop","model":"c6","screen size":14,"ram":"32GB","hard disk":"500MB"}
{"_id":{"$oid":"669f0064321df7784d6eb7f9"},"type":"laptop","model":"zeta","screen size":15,"ram":"32GB","hard disk":"2TB"}
{"_id":{"$oid":"669f0064321df7784d6eb7fa"},"type":"laptop","model":"jl3","screen size":14,"ram":"32GB","hard disk":"1TB"}
{"_id":{"$oid":"669f0064321df7784d6eb7fb"},"type":"laptop","model":"zeta","screen size":17,"ram":"4GB","hard disk":"2TB"}
{"_id":{"$oid":"669f0064321df7784d6eb7fc"},"type":"laptop","model":"ay9","screen size":15,"ram":"4GB","hard disk":"1TB"}
{"_id":{"$oid":"669f0064321df7784d6eb7fd"},"type":"laptop","model":"kz","screen size":12,"ram":"16GB","hard disk":"2TB"}
{"_id":{"$oid":"669f0064321df7784d6eb7fe"},"type":"laptop","model":"ay9","screen size":17,"ram":"8GB","hard disk":"1TB"}
{"_id":{"$oid":"669f0064321df7784d6eb7ff"},"type":"laptop","model":"j3","screen size":14,"ram":"4GB","hard disk":"2TB"}
{"_id":{"$oid":"669f0064321df7784d6eb800"},"type":"laptop","model":"qw2","screen size":17,"ram":"32GB","hard disk":"500MB"}
{"_id":{"$oid":"669f0064321df7784d6eb801"},"type":"laptop","model":"ki2","screen size":12,"ram":"16GB","hard disk":"1TB"}
{"_id":{"$oid":"669f0064321df7784d6eb802"},"type":"laptop","model":"c6","screen size":17,"ram":"8GB","hard disk":"500MB"}
{"_id":{"$oid":"669f0064321df7784d6eb803"},"type":"laptop","model":"kz","screen size":17,"ram":"16GB","hard disk":"1TB"}
{"_id":{"$oid":"669f0064321df7784d6eb804"},"type":"laptop","model":"j3","screen size":14,"ram":"32GB","hard disk":"500MB"}
{"_id":{"$oid":"669f0064321df7784d6eb805"},"type":"laptop","model":"j3","screen size":12,"ram":"16GB","hard disk":"2TB"}
{"_id":{"$oid":"669f0064321df7784d6eb806"},"type":"laptop","model":"ay9","screen size":14,"ram":"32GB","hard disk":"1TB"}
{"_id":{"$oid":"669f0064321df7784d6eb807"},"type":"laptop","model":"c6","screen size":14,"ram":"32GB","hard disk":"2TB"}
{"_id":{"$oid":"669f0064321df7784d6eb808"},"type":"laptop","model":"kz","screen size":14,"ram":"16GB","hard disk":"1TB"}
{"_id":{"$oid":"669f0064321df7784d6eb809"},"type":"laptop","model":"jl3","screen size":17,"ram":"32GB","hard disk":"500MB"}
{"_id":{"$oid":"669f0064321df7784d6eb80a"},"type":"laptop","model":"ay9","screen size":12,"ram":"8GB","hard disk":"2TB"}
{"_id":{"$oid":"669f0064321df7784d6eb80b"},"type":"laptop","model":"k12","screen size":17,"ram":"8GB","hard disk":"2TB"}
{"_id":{"$oid":"669f0064321df7784d6eb80c"},"type":"laptop","model":"j3","screen size":14,"ram":"32GB","hard disk":"1TB"}
{"_id":{"$oid":"669f0064321df7784d6eb80d"},"type":"laptop","model":"ay9","screen size":12,"ram":"32GB","hard disk":"2TB"}
{"_id":{"$oid":"669f0064321df7784d6eb80e"},"type":"laptop","model":"qw2","screen size":17,"ram":"4GB","hard disk":"1TB"}
{"_id":{"$oid":"669f0064321df7784d6eb80f"},"type":"laptop","model":"ki2","screen size":15,"ram":"4GB","hard disk":"1TB"}
{"_id":{"$oid":"669f0064321df7784d6eb810"},"type":"laptop","model":"zeta","screen size":12,"ram":"8GB","hard disk":"500MB"}
{"_id":{"$oid":"669f0064321df7784d6eb811"},"type":"laptop","model":"kz","screen size":17,"ram":"4GB","hard disk":"500MB"}
{"_id":{"$oid":"669f0064321df7784d6eb812"},"type":"laptop","model":"c6","screen size":17,"ram":"16GB","hard disk":"2TB"}
{"_id":{"$oid":"669f0064321df7784d6eb813"},"type":"laptop","model":"zeta","screen size":12,"ram":"32GB","hard disk":"500MB"}
{"_id":{"$oid":"669f0064321df7784d6eb814"},"type":"laptop","model":"c6","screen size":12,"ram":"32GB","hard disk":"500MB"}
{"_id":{"$oid":"669f0064321df7784d6eb815"},"type":"laptop","model":"kz","screen size":15,"ram":"32GB","hard disk":"500MB"}
{"_id":{"$oid":"669f0064321df7784d6eb816"},"type":"laptop","model":"ki2","screen size":14,"ram":"8GB","hard disk":"1TB"}
{"_id":{"$oid":"669f0064321df7784d6eb817"},"type":"laptop","model":"ay9","screen size":17,"ram":"16GB","hard disk":"500MB"}
{"_id":{"$oid":"669f0064321df7784d6eb818"},"type":"laptop","model":"k12","screen size":12,"ram":"8GB","hard disk":"1TB"}
{"_id":{"$oid":"669f0064321df7784d6eb819"},"type":"laptop","model":"ki2","screen size":17,"ram":"32GB","hard disk":"500MB"}
{"_id":{"$oid":"669f0064321df7784d6eb81a"},"type":"laptop","model":"j3","screen size":14,"ram":"4GB","hard disk":"500MB"}
{"_id":{"$oid":"669f0064321df7784d6eb81b"},"type":"laptop","model":"c6","screen size":17,"ram":"8GB","hard disk":"1TB"}
{"_id":{"$oid":"669f0064321df7784d6eb81c"},"type":"laptop","model":"kz","screen size":15,"ram":"32GB","hard disk":"1TB"}
{"_id":{"$oid":"669f0064321df7784d6eb81d"},"type":"laptop","model":"kz","screen size":12,"ram":"32GB","hard disk":"500MB"}
{"_id":{"$oid":"669f0064321df7784d6eb81e"},"type":"laptop","model":"jl3","screen size":15,"ram":"8GB","hard disk":"500MB"}
{"_id":{"$oid":"669f0064321df7784d6eb81f"},"type":"laptop","model":"k12","screen size":12,"ram":"32GB","hard disk":"1TB"}
{"_id":{"$oid":"669f0064321df7784d6eb820"},"type":"laptop","model":"qw2","screen size":17,"ram":"8GB","hard disk":"500MB"}
{"_id":{"$oid":"669f0064321df7784d6eb821"},"type":"laptop","model":"zeta","screen size":12,"ram":"16GB","hard disk":"500MB"}
{"_id":{"$oid":"669f0064321df7784d6eb822"},"type":"laptop","model":"k12","screen size":17,"ram":"32GB","hard disk":"1TB"}
{"_id":{"$oid":"669f0064321df7784d6eb823"},"type":"laptop","model":"qw2","screen size":12,"ram":"32GB","hard disk":"500MB"}
{"_id":{"$oid":"669f0064321df7784d6eb824"},"type":"laptop","model":"kz","screen size":15,"ram":"8GB","hard disk":"1TB"}
{"_id":{"$oid":"669f0064321df7784d6eb825"},"type":"laptop","model":"qw2","screen size":12,"ram":"4GB","hard disk":"2TB"}
{"_id":{"$oid":"669f0064321df7784d6eb826"},"type":"laptop","model":"ki2","screen size":12,"ram":"32GB","hard disk":"500MB"}
{"_id":{"$oid":"669f0064321df7784d6eb827"},"type":"laptop","model":"qw2","screen size":17,"ram":"8GB","hard disk":"1TB"}
{"_id":{"$oid":"669f0064321df7784d6eb828"},"type":"laptop","model":"zeta","screen size":17,"ram":"16GB","hard disk":"1TB"}
{"_id":{"$oid":"669f0064321df7784d6eb829"},"type":"laptop","model":"ki2","screen size":17,"ram":"8GB","hard disk":"500MB"}
{"_id":{"$oid":"669f0064321df7784d6eb82a"},"type":"laptop","model":"jl3","screen size":15,"ram":"16GB","hard disk":"1TB"}
{"_id":{"$oid":"669f0064321df7784d6eb82b"},"type":"laptop","model":"qw2","screen size":17,"ram":"4GB","hard disk":"500MB"}
{"_id":{"$oid":"669f0064321df7784d6eb82c"},"type":"laptop","model":"k12","screen size":15,"ram":"4GB","hard disk":"500MB"}
{"_id":{"$oid":"669f0064321df7784d6eb82d"},"type":"laptop","model":"c6","screen size":14,"ram":"32GB","hard disk":"1TB"}
{"_id":{"$oid":"669f0064321df7784d6eb82e"},"type":"laptop","model":"j3","screen size":15,"ram":"32GB","hard disk":"2TB"}
{"_id":{"$oid":"669f0064321df7784d6eb82f"},"type":"laptop","model":"zeta","screen size":17,"ram":"16GB","hard disk":"2TB"}
{"_id":{"$oid":"669f0064321df7784d6eb830"},"type":"laptop","model":"jl3","screen size":14,"ram":"16GB","hard disk":"1TB"}
{"_id":{"$oid":"669f0064321df7784d6eb831"},"type":"laptop","model":"zeta","screen size":15,"ram":"4GB","hard disk":"500MB"}
{"_id":{"$oid":"669f0064321df7784d6eb832"},"type":"laptop","model":"j3","screen size":17,"ram":"32GB","hard disk":"500MB"}
{"_id":{"$oid":"669f0064321df7784d6eb833"},"type":"laptop","model":"j3","screen size":12,"ram":"4GB","hard disk":"500MB"}
{"_id":{"$oid":"669f0064321df7784d6eb834"},"type":"laptop","model":"k12","screen size":17,"ram":"32GB","hard disk":"2TB"}
{"_id":{"$oid":"669f0064321df7784d6eb835"},"type":"laptop","model":"qw2","screen size":15,"ram":"8GB","hard disk":"500MB"}
{"_id":{"$oid":"669f0064321df7784d6eb836"},"type":"laptop","model":"ay9","screen size":12,"ram":"8GB","hard disk":"1TB"}
{"_id":{"$oid":"669f0064321df7784d6eb837"},"type":"laptop","model":"c6","screen size":17,"ram":"8GB","hard disk":"2TB"}
{"_id":{"$oid":"669f0064321df7784d6eb838"},"type":"laptop","model":"qw2","screen size":14,"ram":"8GB","hard disk":"1TB"}
{"_id":{"$oid":"669f0064321df7784d6eb839"},"type":"laptop","model":"c6","screen size":12,"ram":"4GB","hard disk":"2TB"}
{"_id":{"$oid":"669f0064321df7784d6eb83a"},"type":"laptop","model":"c6","screen size":15,"ram":"32GB","hard disk":"500MB"}
{"_id":{"$oid":"669f0064321df7784d6eb83b"},"type":"laptop","model":"ki2","screen size":17,"ram":"32GB","hard disk":"2TB"}
{"_id":{"$oid":"669f0064321df7784d6eb83c"},"type":"laptop","model":"c6","screen size":15,"ram":"16GB","hard disk":"1TB"}
{"_id":{"$oid":"669f0064321df7784d6eb83d"},"type":"laptop","model":"zeta","screen size":14,"ram":"32GB","hard disk":"500MB"}
{"_id":{"$oid":"669f0064321df7784d6eb83e"},"type":"laptop","model":"zeta","screen size":15,"ram":"4GB","hard disk":"1TB"}
{"_id":{"$oid":"669f0064321df7784d6eb83f"},"type":"laptop","model":"ki2","screen size":15,"ram":"8GB","hard disk":"2TB"}
{"_id":{"$oid":"669f0064321df7784d6eb840"},"type":"laptop","model":"c6","screen size":15,"ram":"16GB","hard disk":"2TB"}
{"_id":{"$oid":"669f0064321df7784d6eb841"},"type":"laptop","model":"kz","screen size":14,"ram":"32GB","hard disk":"500MB"}
{"_id":{"$oid":"669f0064321df7784d6eb842"},"type":"laptop","model":"j3","screen size":15,"ram":"16GB","hard disk":"500MB"}
{"_id":{"$oid":"669f0064321df7784d6eb843"},"type":"laptop","model":"ay9","screen size":14,"ram":"8GB","hard disk":"500MB"}
{"_id":{"$oid":"669f0064321df7784d6eb844"},"type":"laptop","model":"k12","screen size":15,"ram":"32GB","hard disk":"2TB"}
{"_id":{"$oid":"669f0064321df7784d6eb845"},"type":"laptop","model":"j3","screen size":12,"ram":"4GB","hard disk":"2TB"}
{"_id":{"$oid":"669f0064321df7784d6eb846"},"type":"laptop","model":"jl3","screen size":17,"ram":"8GB","hard disk":"2TB"}
{"_id":{"$oid":"669f0064321df7784d6eb847"},"type":"laptop","model":"ay9","screen size":17,"ram":"32GB","hard disk":"2TB"}
{"_id":{"$oid":"669f0064321df7784d6eb848"},"type":"laptop","model":"c6","screen size":12,"ram":"4GB","hard disk":"500MB"}
{"_id":{"$oid":"669f0064321df7784d6eb849"},"type":"laptop","model":"k12","screen size":15,"ram":"32GB","hard disk":"500MB"}
{"_id":{"$oid":"669f0064321df7784d6eb84a"},"type":"laptop","model":"qw2","screen size":12,"ram":"8GB","hard disk":"1TB"}
{"_id":{"$oid":"669f0064321df7784d6eb84b"},"type":"laptop","model":"qw2","screen size":17,"ram":"16GB","hard disk":"1TB"}
{"_id":{"$oid":"669f0064321df7784d6eb84c"},"type":"laptop","model":"c6","screen size":12,"ram":"8GB","hard disk":"2TB"}
{"_id":{"$oid":"669f0064321df7784d6eb84d"},"type":"laptop","model":"qw2","screen size":12,"ram":"16GB","hard disk":"500MB"}
{"_id":{"$oid":"669f0064321df7784d6eb84e"},"type":"laptop","model":"j3","screen size":17,"ram":"8GB","hard disk":"2TB"}
{"_id":{"$oid":"669f0064321df7784d6eb84f"},"type":"laptop","model":"ki2","screen size":12,"ram":"4GB","hard disk":"1TB"}
{"_id":{"$oid":"669f0064321df7784d6eb850"},"type":"laptop","model":"jl3","screen size":12,"ram":"16GB","hard disk":"500MB"}
{"_id":{"$oid":"669f0064321df7784d6eb851"},"type":"laptop","model":"jl3","screen size":17,"ram":"8GB","hard disk":"1TB"}
{"_id":{"$oid":"669f0064321df7784d6eb852"},"type":"laptop","model":"ki2","screen size":15,"ram":"8GB","hard disk":"500MB"}
{"_id":{"$oid":"669f0064321df7784d6eb853"},"type":"laptop","model":"k12","screen size":15,"ram":"16GB","hard disk":"2TB"}
{"_id":{"$oid":"669f0064321df7784d6eb854"},"type":"laptop","model":"jl3","screen size":15,"ram":"8GB","hard disk":"1TB"}
{"_id":{"$oid":"669f0064321df7784d6eb855"},"type":"laptop","model":"ki2","screen size":14,"ram":"16GB","hard disk":"1TB"}
{"_id":{"$oid":"669f0064321df7784d6eb856"},"type":"laptop","model":"j3","screen size":15,"ram":"32GB","hard disk":"500MB"}
{"_id":{"$oid":"669f0064321df7784d6eb857"},"type":"laptop","model":"jl3","screen size":17,"ram":"4GB","hard disk":"2TB"}
{"_id":{"$oid":"669f0064321df7784d6eb858"},"type":"laptop","model":"k12","screen size":17,"ram":"4GB","hard disk":"2TB"}
{"_id":{"$oid":"669f0064321df7784d6eb859"},"type":"laptop","model":"ay9","screen size":17,"ram":"4GB","hard disk":"1TB"}
{"_id":{"$oid":"669f0064321df7784d6eb85a"},"type":"laptop","model":"c6","screen size":15,"ram":"16GB","hard disk":"500MB"}
{"_id":{"$oid":"669f0064321df7784d6eb85b"},"type":"laptop","model":"kz","screen size":15,"ram":"16GB","hard disk":"1TB"}
{"_id":{"$oid":"669f0064321df7784d6eb85c"},"type":"laptop","model":"qw2","screen size":15,"ram":"16GB","hard disk":"1TB"}
{"_id":{"$oid":"669f0064321df7784d6eb85d"},"type":"laptop","model":"jl3","screen size":17,"ram":"32GB","hard disk":"2TB"}
{"_id":{"$oid":"669f0064321df7784d6eb85e"},"type":"laptop","model":"jl3","screen size":14,"ram":"32GB","hard disk":"500MB"}
{"_id":{"$oid":"669f0064321df7784d6eb85f"},"type":"laptop","model":"j3","screen size":12,"ram":"16GB","hard disk":"500MB"}
{"_id":{"$oid":"669f0064321df7784d6eb860"},"type":"laptop","model":"ay9","screen size":14,"ram":"4GB","hard disk":"500MB"}
{"_id":{"$oid":"669f0064321df7784d6eb861"},"type":"laptop","model":"qw2","screen size":14,"ram":"4GB","hard disk":"500MB"}
{"_id":{"$oid":"669f0064321df7784d6eb862"},"type":"laptop","model":"zeta","screen size":14,"ram":"8GB","hard disk":"500MB"}
{"_id":{"$oid":"669f0064321df7784d6eb863"},"type":"laptop","model":"jl3","screen size":14,"ram":"16GB","hard disk":"2TB"}
{"_id":{"$oid":"669f0064321df7784d6eb864"},"type":"laptop","model":"jl3","screen size":17,"ram":"4GB","hard disk":"1TB"}
{"_id":{"$oid":"669f0064321df7784d6eb865"},"type":"laptop","model":"qw2","screen size":12,"ram":"32GB","hard disk":"2TB"}
{"_id":{"$oid":"669f0064321df7784d6eb866"},"type":"laptop","model":"zeta","screen size":15,"ram":"16GB","hard disk":"500MB"}
{"_id":{"$oid":"669f0064321df7784d6eb867"},"type":"laptop","model":"zeta","screen size":12,"ram":"16GB","hard disk":"1TB"}
{"_id":{"$oid":"669f0064321df7784d6eb868"},"type":"laptop","model":"k12","screen size":17,"ram":"32GB","hard disk":"500MB"}
{"_id":{"$oid":"669f0064321df7784d6eb869"},"type":"laptop","model":"kz","screen size":12,"ram":"8GB","hard disk":"2TB"}
{"_id":{"$oid":"669f0064321df7784d6eb86a"},"type":"laptop","model":"c6","screen size":17,"ram":"16GB","hard disk":"1TB"}
{"_id":{"$oid":"669f0064321df7784d6eb86b"},"type":"laptop","model":"j3","screen size":14,"ram":"32GB","hard disk":"2TB"}
{"_id":{"$oid":"669f0064321df7784d6eb86c"},"type":"laptop","model":"j3","screen size":14,"ram":"16GB","hard disk":"500MB"}
{"_id":{"$oid":"669f0064321df7784d6eb86d"},"type":"laptop","model":"j3","screen size":15,"ram":"8GB","hard disk":"500MB"}
{"_id":{"$oid":"669f0064321df7784d6eb86e"},"type":"laptop","model":"j3","screen size":17,"ram":"4GB","hard disk":"2TB"}
{"_id":{"$oid":"669f0064321df7784d6eb86f"},"type":"laptop","model":"k12","screen size":15,"ram":"4GB","hard disk":"1TB"}
{"_id":{"$oid":"669f0064321df7784d6eb870"},"type":"laptop","model":"zeta","screen size":17,"ram":"32GB","hard disk":"1TB"}
{"_id":{"$oid":"669f0064321df7784d6eb871"},"type":"laptop","model":"k12","screen size":15,"ram":"8GB","hard disk":"1TB"}
{"_id":{"$oid":"669f0064321df7784d6eb872"},"type":"laptop","model":"jl3","screen size":12,"ram":"16GB","hard disk":"2TB"}
{"_id":{"$oid":"669f0064321df7784d6eb873"},"type":"laptop","model":"jl3","screen size":12,"ram":"4GB","hard disk":"1TB"}
{"_id":{"$oid":"669f0064321df7784d6eb874"},"type":"laptop","model":"ki2","screen size":17,"ram":"16GB","hard disk":"500MB"}
{"_id":{"$oid":"669f0064321df7784d6eb875"},"type":"laptop","model":"jl3","screen size":15,"ram":"4GB","hard disk":"2TB"}
{"_id":{"$oid":"669f0064321df7784d6eb876"},"type":"laptop","model":"zeta","screen size":17,"ram":"32GB","hard disk":"2TB"}
{"_id":{"$oid":"669f0064321df7784d6eb877"},"type":"laptop","model":"ki2","screen size":17,"ram":"4GB","hard disk":"1TB"}
{"_id":{"$oid":"669f0064321df7784d6eb878"},"type":"laptop","model":"c6","screen size":17,"ram":"4GB","hard disk":"500MB"}
{"_id":{"$oid":"669f0064321df7784d6eb879"},"type":"laptop","model":"jl3","screen size":15,"ram":"8GB","hard disk":"2TB"}
{"_id":{"$oid":"669f0064321df7784d6eb87a"},"type":"laptop","model":"ay9","screen size":12,"ram":"4GB","hard disk":"500MB"}
{"_id":{"$oid":"669f0064321df7784d6eb87b"},"type":"laptop","model":"zeta","screen size":15,"ram":"32GB","hard disk":"1TB"}
{"_id":{"$oid":"669f0064321df7784d6eb87c"},"type":"laptop","model":"k12","screen size":14,"ram":"16GB","hard disk":"1TB"}
{"_id":{"$oid":"669f0064321df7784d6eb87d"},"type":"laptop","model":"ki2","screen size":17,"ram":"16GB","hard disk":"1TB"}
{"_id":{"$oid":"669f0064321df7784d6eb87e"},"type":"laptop","model":"zeta","screen size":17,"ram":"16GB","hard disk":"500MB"}
{"_id":{"$oid":"669f0064321df7784d6eb87f"},"type":"laptop","model":"zeta","screen size":14,"ram":"32GB","hard disk":"1TB"}
{"_id":{"$oid":"669f0064321df7784d6eb880"},"type":"laptop","model":"j3","screen size":12,"ram":"32GB","hard disk":"500MB"}
{"_id":{"$oid":"669f0064321df7784d6eb881"},"type":"laptop","model":"ay9","screen size":12,"ram":"4GB","hard disk":"1TB"}
{"_id":{"$oid":"669f0064321df7784d6eb882"},"type":"laptop","model":"ki2","screen size":17,"ram":"4GB","hard disk":"500MB"}
{"_id":{"$oid":"669f0064321df7784d6eb883"},"type":"laptop","model":"zeta","screen size":14,"ram":"16GB","hard disk":"1TB"}
{"_id":{"$oid":"669f0064321df7784d6eb884"},"type":"laptop","model":"j3","screen size":12,"ram":"32GB","hard disk":"2TB"}
{"_id":{"$oid":"669f0064321df7784d6eb885"},"type":"laptop","model":"jl3","screen size":14,"ram":"8GB","hard disk":"2TB"}
{"_id":{"$oid":"669f0064321df7784d6eb886"},"type":"laptop","model":"c6","screen size":14,"ram":"8GB","hard disk":"1TB"}
{"_id":{"$oid":"669f0064321df7784d6eb887"},"type":"laptop","model":"kz","screen size":12,"ram":"16GB","hard disk":"500MB"}
{"_id":{"$oid":"669f0064321df7784d6eb888"},"type":"laptop","model":"j3","screen size":15,"ram":"8GB","hard disk":"2TB"}
{"_id":{"$oid":"669f0064321df7784d6eb889"},"type":"laptop","model":"kz","screen size":14,"ram":"4GB","hard disk":"1TB"}
{"_id":{"$oid":"669f0064321df7784d6eb88a"},"type":"laptop","model":"kz","screen size":14,"ram":"4GB","hard disk":"500MB"}
{"_id":{"$oid":"669f0064321df7784d6eb88b"},"type":"laptop","model":"qw2","screen size":14,"ram":"4GB","hard disk":"1TB"}
{"_id":{"$oid":"669f0064321df7784d6eb88c"},"type":"laptop","model":"zeta","screen size":14,"ram":"4GB","hard disk":"1TB"}
{"_id":{"$oid":"669f0064321df7784d6eb88d"},"type":"laptop","model":"qw2","screen size":14,"ram":"32GB","hard disk":"500MB"}
{"_id":{"$oid":"669f0064321df7784d6eb88e"},"type":"laptop","model":"qw2","screen size":14,"ram":"16GB","hard disk":"500MB"}
{"_id":{"$oid":"669f0064321df7784d6eb88f"},"type":"laptop","model":"ay9","screen size":15,"ram":"32GB","hard disk":"1TB"}
{"_id":{"$oid":"669f0064321df7784d6eb890"},"type":"laptop","model":"qw2","screen size":17,"ram":"32GB","hard disk":"2TB"}
{"_id":{"$oid":"669f0064321df7784d6eb891"},"type":"laptop","model":"c6","screen size":12,"ram":"16GB","hard disk":"500MB"}
{"_id":{"$oid":"669f0064321df7784d6eb892"},"type":"television","model":"jk23","screen size":24}
{"_id":{"$oid":"669f0064321df7784d6eb893"},"type":"laptop","model":"j3","screen size":12,"ram":"16GB","hard disk":"1TB"}
{"_id":{"$oid":"669f0064321df7784d6eb894"},"type":"television","model":"boom","screen size":32}
{"_id":{"$oid":"669f0064321df7784d6eb895"},"type":"television","model":"k20","screen size":48}
{"_id":{"$oid":"669f0064321df7784d6eb896"},"type":"television","model":"ss2","screen size":32}
{"_id":{"$oid":"669f0064321df7784d6eb897"},"type":"laptop","model":"ay9","screen size":12,"ram":"16GB","hard disk":"500MB"}
{"_id":{"$oid":"669f0064321df7784d6eb898"},"type":"television","model":"k20","screen size":55}
{"_id":{"$oid":"669f0064321df7784d6eb899"},"type":"television","model":"jk23","screen size":55}
{"_id":{"$oid":"669f0064321df7784d6eb89a"},"type":"television","model":"ss2","screen size":40}
{"_id":{"$oid":"669f0064321df7784d6eb89b"},"type":"television","model":"boom","screen size":24}
{"_id":{"$oid":"669f0064321df7784d6eb89c"},"type":"television","model":"jk23","screen size":40}
{"_id":{"$oid":"669f0064321df7784d6eb89d"},"type":"television","model":"ss2","screen size":48}
{"_id":{"$oid":"669f0064321df7784d6eb89e"},"type":"television","model":"dj1","screen size":40}
{"_id":{"$oid":"669f0064321df7784d6eb89f"},"type":"television","model":"boom","screen size":40}
{"_id":{"$oid":"669f0064321df7784d6eb8a0"},"type":"television","model":"jk23","screen size":48}
{"_id":{"$oid":"669f0064321df7784d6eb8a1"},"type":"television","model":"k20","screen size":40}
{"_id":{"$oid":"669f0064321df7784d6eb8a2"},"type":"television","model":"boom","screen size":48}
{"_id":{"$oid":"669f0064321df7784d6eb8a3"},"type":"television","model":"ss2","screen size":55}
{"_id":{"$oid":"669f0064321df7784d6eb8a4"},"type":"television","model":"k20","screen size":24}
{"_id":{"$oid":"669f0064321df7784d6eb8a5"},"type":"television","model":"dj1","screen size":24}
{"_id":{"$oid":"669f0064321df7784d6eb8a6"},"type":"laptop","model":"j3","screen size":17,"ram":"16GB","hard disk":"500MB"}
{"_id":{"$oid":"669f0064321df7784d6eb8a7"},"type":"television","model":"boom","screen size":55}
{"_id":{"$oid":"669f0064321df7784d6eb8a8"},"type":"television","model":"dj1","screen size":55}
{"_id":{"$oid":"669f0064321df7784d6eb8a9"},"type":"laptop","model":"j3","screen size":17,"ram":"4GB","hard disk":"500MB"}
{"_id":{"$oid":"669f0064321df7784d6eb8aa"},"type":"television","model":"dj1","screen size":32}
{"_id":{"$oid":"669f0064321df7784d6eb8ab"},"type":"television","model":"dj1","screen size":48}
{"_id":{"$oid":"669f0064321df7784d6eb8ac"},"type":"television","model":"ss2","screen size":24}
{"_id":{"$oid":"669f0064321df7784d6eb8ad"},"type":"television","model":"k20","screen size":32}
{"_id":{"$oid":"669f0064321df7784d6eb8ae"},"type":"laptop","model":"zeta","screen size":14,"ram":"16GB","hard disk":"500MB"}
{"_id":{"$oid":"669f0064321df7784d6eb8af"},"type":"television","model":"jk23","screen size":32}
